{"cameraMode":{"drawMode":0,"name":"Shaded","section":"Shading Mode"},"sceneLighting":true,"audioPlay":false,"sceneViewState":{"m_AlwaysRefresh":false,"showFog":true,"showSkybox":true,"showFlares":true,"showImageEffects":true,"showParticleSystems":true,"showVisualEffectGraphs":true,"m_FxEnabled":true},"in2DMode":false,"pivot":{"x":10.173259735107422,"y":9.690361022949219,"z":-0.5109384655952454},"rotation":{"x":0.0430661179125309,"y":-0.9456629157066345,"z":0.14344212412834168,"w":0.28915056586265566},"size":0.7879246473312378,"orthographic":false}